Tempo_de_Execucao,Solucao_otima,Status_Solucao,Gap_Relativo
416.9920001029968,1.0710557842530017e6,Otimo,2.9694764550426567e-5
