Tempo_de_Execucao,Solucao_otima,Num_Variaveis
82.1819999217987,2.3384591957779946e6,4469176
