Tempo_de_Execucao,Solucao_otima,Num_Variaveis
39.162999868392944,834797.3389030001,1791516
