Tempo_de_Execucao,Solucao_otima,Num_Variaveis
88.79100012779236,2.537623539126995e6,4851712
