Tempo_de_Execucao,Solucao_otima,Num_Variaveis
37.69099998474121,837883.3440389999,1809272
