Tempo_de_Execucao,Solucao_otima,Num_Variaveis
37.64100003242493,837883.3440389999,1809272
