Tempo_de_Execucao,Solucao_otima,Num_Variaveis
1600.1420001983643,1.0057347232290023e6,798165
