Tempo_de_Execucao,Solucao_otima,Num_Variaveis
20.722000122070312,3.597292837368012e6,1883040
