Tempo_de_Execucao,Solucao_otima,Num_Variaveis
40.50399994850159,1.7428185526390031e6,4330992
