Tempo_de_Execucao,Solucao_otima,Num_Variaveis
47.859999895095825,258909.82428700005,816040
