Tempo_de_Execucao,Solucao_otima,Num_Variaveis
77.13399982452393,2.244177414109997e6,4295848
