Tempo_de_Execucao,Solucao_otima,Num_Variaveis
75.7409999370575,2.244177414109997e6,4295848
