Tempo_de_Execucao,Solucao_otima,Num_Variaveis
54.12100005149841,439679.4436818883,420030
