Tempo_de_Execucao,Solucao_otima,Num_Variaveis
38.12400007247925,273550.73386900034,858728
