Tempo_de_Execucao,Solucao_otima,Num_Variaveis
470.3131420612335,1.075945570562e6,734080
