Tempo_de_Execucao,Solucao_otima,Num_Variaveis
940.635999917984,1.041580937800001e6,709480
