Tempo_de_Execucao,Solucao_otima,Num_Variaveis
32.68499994277954,1.6317849199880036e6,4031900
