Tempo_de_Execucao,Solucao_otima,Num_Variaveis
17.763000011444092,3.3448632713180105e6,1753000
