Tempo_de_Execucao,Solucao_otima,Status_Solucao,Gap_Relativo
8.369999885559082,288186.3725929994,Otimo,7.22194748912433e-5
