Tempo_de_Execucao,Solucao_otima,Num_Variaveis
83.81900000572205,2.3384591957779946e6,4469176
