Tempo_de_Execucao,Solucao_otima,Num_Variaveis
20.151000022888184,3.4760520682080095e6,1810520
