Tempo_de_Execucao,Solucao_otima,Num_Variaveis
89.90000009536743,2.537623539126995e6,4851712
