Tempo_de_Execucao,Solucao_otima,Num_Variaveis
91.14499998092651,2.537623539126995e6,4851712
