Tempo_de_Execucao,Solucao_otima,Num_Variaveis
110.94099998474121,396971.2862709998,404415
