Hora,Tempo_Segundos,Objective_HigherBound,Best_LowerBound,Gap_Percent,Pico_Y,Custo_Roteamento,Qtd_Entregas
3,10800.0,279904.03502899996,266042.62966910034,4.952199191577746,50,279904.0350290035,6114
6,21600.0,278814.6176820001,266469.8341014143,4.427595541158298,45,278814.6176820032,6090
9,32400.0,278736.4715140001,266469.8341014143,4.400800995276166,45,278736.4715140031,6089
