Tempo_de_Execucao,Solucao_otima,Num_Variaveis
30.299999952316284,1.6531858652310036e6,3959772
