Hora,Tempo_Segundos,Objective_HigherBound,Best_LowerBound,Gap_Percent,Pico_Y,Custo_Roteamento,Qtd_Entregas
1,3600.0,834780.0521509988,747060.1265667869,10.508148267101232,366,834780.0521509958,16454
2,7200.0,834780.0521509988,834780.0521509988,0.0,366,834780.0521509958,16454
