Tempo_de_Execucao,Solucao_otima,Num_Variaveis
80.40199995040894,2.4090575311639896e6,4635972
