Tempo_de_Execucao,Solucao_otima,Num_Variaveis
361.51551699638367,1.0710616443910003e6,739240
