Tempo_de_Execucao,Solucao_otima,Num_Variaveis
453.12400007247925,1.0403618765219998e6,723400
