Tempo_de_Execucao,Solucao_otima,Num_Variaveis
31.825999975204468,1.651961018547004e6,3994456
