Tempo_de_Execucao,Solucao_otima,Num_Variaveis
79.8349997997284,2.228923934551002e6,4300540
