Tempo_de_Execucao,Solucao_otima,Num_Variaveis
78.24199986457825,2.228923934551002e6,4300540
