Tempo_de_Execucao,Solucao_otima,Num_Variaveis
52.90899991989136,256696.35769200028,826804
