Tempo_de_Execucao,Solucao_otima,Status_Solucao,Gap_Relativo
588.5130000114441,996998.1800210009,Otimo,8.887970223138654e-5
