Tempo_de_Execucao,Solucao_otima,Status_Solucao,Gap_Relativo
675.654000043869,1.0020189742910024e6,Otimo,9.300045469772267e-5
