Tempo_de_Execucao,Solucao_otima,Num_Variaveis
35.06599998474121,1.7699373938890034e6,4388584
