Tempo_de_Execucao,Solucao_otima,Num_Variaveis
20.07200002670288,3.655744545677011e6,1908080
