Tempo_Label,Tempo_Segundos,FuncaoObjetivo,BestBound,Gap_Percent,Sum_X,Pico_Y
1min,60.0,9378.99999999989,6801.8,27.478409212068673,7537,257
3min,180.0,9378.99999999989,6808.7,27.404840601342585,7537,257
5min,300.0,9012.699999999875,6818.3,24.34786467983962,8544,131
10min,600.0,8025.799999999886,6818.3,15.04522913603507,7829,97
30min,1800.0,7963.499999999888,6825.5,14.290199033087262,7771,96
1h,3600.0,7886.599999999888,6825.5,13.45446707072633,7708,94
2h,7200.0,7863.199999999888,6825.5,13.196917285582241,7682,94
