Tempo_Label,Tempo_Segundos,FuncaoObjetivo,BestBound,Gap_Percent,Sum_X,Pico_Y
1min,60.0,7488.0,7487.0,0.013354700854700856,7488,294
3min,180.0,7488.0,7487.0,0.013354700854700856,7488,294
5min,300.0,7488.0,7487.0,0.013354700854700856,7488,294
10min,600.0,7488.0,7487.0,0.013354700854700856,7488,294
30min,1800.0,7488.0,7487.0,0.013354700854700856,7488,294
1h,3600.0,7488.0,7487.0,0.013354700854700856,7488,294
