Hora,Tempo_s,Obj,Bound,Gap_Pct,Pico_Y,Total_X
3,10800.0,18733.80000000068,16169.4,13.688626973708415,84,18510
