Tempo_de_Execucao,Solucao_otima,Num_Variaveis
40.73300004005432,948559.3036059983,1990696
