Tempo_de_Execucao,Solucao_otima,Num_Variaveis
41.271000146865845,948559.3036059983,1990696
