Tempo_de_Execucao,Solucao_otima,Num_Variaveis
52.69200015068054,422232.5988950002,402795
