Tempo_de_Execucao,Solucao_otima,Num_Variaveis
82.46900010108948,2.251796971961001e6,4336880
