Tempo_de_Execucao,Solucao_otima,Num_Variaveis
37.57699990272522,885003.395593999,1904308
