Tempo_de_Execucao,Solucao_otima,Num_Variaveis
574.3920001983643,990039.7656480023,746000
