Tempo_de_Execucao,Solucao_otima,Num_Variaveis
380.5436201095581,990056.7224450029,746000
