Tempo_de_Execucao,Solucao_otima,Num_Variaveis
30.14299988746643,1.678633514509002e6,3990868
