Tempo_de_Execucao,Solucao_otima,Num_Variaveis
36.79800009727478,842605.4760260002,1805316
