Tempo_de_Execucao,Solucao_otima,Num_Variaveis
37.26600003242493,842605.4760260002,1805316
