Tempo_de_Execucao,Solucao_otima,Num_Variaveis
27.715999841690063,911349.7543270002,814320
