Tempo_de_Execucao,Solucao_otima,Num_Variaveis
31.60700011253357,1.6083973993380037e6,3995560
