Tempo_de_Execucao,Solucao_otima,Num_Variaveis
17.65499997138977,3.2888001745490087e6,1737200
