Tempo_de_Execucao,Solucao_otima,Status_Solucao,Gap_Relativo
581.9060001373291,990039.7656480023,Otimo,8.021774796170293e-5
