Tempo_de_Execucao,Solucao_otima,Status_Solucao,Gap_Relativo
8.765000104904175,953429.1102930021,Otimo,7.81450924509129e-15
