Tempo_de_Execucao,Solucao_otima,Num_Variaveis
85.76199984550476,2.44754715980299e6,4693564
