Tempo_de_Execucao,Solucao_otima,Num_Variaveis
80.20700001716614,2.4090575311639896e6,4635972
