Tempo_de_Execucao,Solucao_otima,Num_Variaveis
85.87199997901917,2.4090575311639896e6,4635972
