Tempo_de_Execucao,Solucao_otima,Num_Variaveis
76.42199993133545,2.2234894402990006e6,4299436
