Tempo_de_Execucao,Solucao_otima,Num_Variaveis
36.05299997329712,1.833876280150004e6,4546732
