Tempo_de_Execucao,Solucao_otima,Num_Variaveis
21.993000030517578,3.804673927593012e6,1976840
