Tempo_de_Execucao,Solucao_otima,Num_Variaveis
38.17799997329712,834797.3389030001,1791516
