Tempo_de_Execucao,Solucao_otima,Num_Variaveis
78.12199997901917,2.2265206174959983e6,4264752
