Tempo_de_Execucao,Solucao_otima,Num_Variaveis
76.81299996376038,2.2265206174959983e6,4264752
