Tempo_de_Execucao,Solucao_otima,Num_Variaveis
548.2929999828339,1.0086314460190021e6,813825
