Tempo_de_Execucao,Solucao_otima,Status_Solucao,Gap_Relativo
8.944999933242798,912978.5827050018,Otimo,7.523181943040693e-15
