Tempo_de_Execucao,Solucao_otima,Status_Solucao,Gap_Relativo
32.00499987602234,916844.6709090016,Otimo,5.4344819054822635e-14
