Tempo_de_Execucao,Solucao_otima,Num_Variaveis
24.798999786376953,916844.6709090016,723840
