Tempo_de_Execucao,Solucao_otima,Num_Variaveis
41.83615803718567,916844.6709090013,723840
