Tempo_de_Execucao,Solucao_otima,Num_Variaveis
86.94000005722046,2.44754715980299e6,4693564
