Tempo_de_Execucao,Solucao_otima,Num_Variaveis
32.64199995994568,411425.15652500023,399150
