Tempo_de_Execucao,Solucao_otima,Num_Variaveis
405.0940001010895,976924.4370850027,839250
