Tempo_de_Execucao,Solucao_otima,Num_Variaveis
78.74899983406067,2.228923934551002e6,4300540
