Tempo_de_Execucao,Solucao_otima,Num_Variaveis
47.43599987030029,261185.67551200013,823492
